наименование,
Абакавир,
Абакавир/Долутегравир/Ламивудин,
Абакавир/Ламивудин,
Абакавир/Ламивудин/Зидовудин,
Абилифай,
Абитаксел,
Аванафил,
Авандия,
Авастин,
Авелокс,
Авестатин,
Авибактам,
Аген,
Агомелатин,
Агриппал S1,
Адалат,
Адалимумаб,
Адамантилбромфениламин,
Адапромин,
Аддералл,
Аденозин,
Адефовир,
Адифенин,
Адреналин,
Азаметония бромид,
Азаран,
Азатиоприн,
Азацитидин,
Азвудин,
Азеластин,
Азенапин,
Азинокс,
Азитромицин,
Азоксимера бромид,
Азтреонам,
Аймалин,
Акампросат,
Акарбоза,
Акридерм,
Акридерм ГЕНТА,
Акридипин,
Акрипамид,
Аксоне,
Акталипид,
Актасулид,
Активированный уголь,
Актовегин,
Актрапид,
Алгелдрат,
Алдофосфамид,
Алектиниб,
Алемтузумаб,
Алерза,
Алерприв,
Алзолам,
Алив,
Алимемазин,
Алирокумаб,
Алкафтадин,
Алкилсульфонаты,
Аллантоин,
Аллапинин,
Аллергодил,
Аллертек,
Аллилпродин,
Аллобарбитал,
Аллоксим,
Аллопуринол,
Аллоферон,
Алмагель,
Алпразолам,
Алпренолол,
Алпростадил,
Алтацид,
Алтретамин,
Алфентанил,
Алфузозин,
Алципро,
Альбендазол,
Альбуцид,
Альдактон,
Альфа-глутамил-триптофан+Аскорбиновая кислота+Бендазол,
Альфа-метилпаратирозин,
Альфамепродин,
Альфапродин,
Альфинал,
Алюмаг,
Амальвия,
Амантадин,
Амарил,
Амбазон,
Амбенония хлорид,
Амбробене,
Амброгексал,
Амброксол,
Амброксола гидрохлорид,
Амбросан,
Амелотекс,
Амивантамаб,
Амигренин,
Амикацин,
Амиклон,
Амиксин,
Аминалон,
Аминексил,
Аминептин,
Аминоартрин,
Аминодигидрофталазиндион натрия,
Аминокапроновая кислота,
Аминорекс,
Аминостигмин,
Аминофеназон,
Амиодарон,
Амиокордин,
Амисульприд,
Амитриптилин,
Амло,
Амловас,
Амлодак,
Амлодил,
Амлодипин,
Амлодипина бесилат,
Амлодипина малеат,
Амлодифарм,
Амлонг,
Амлорус,
Амлотоп,
Амобарбитал,
Амоксициллин,
Амоксициллин + клавулановая кислота,
Аморолфин,
Ампициллин,
Ампренавир,
Амфепрамон,
Амфетамин,
Амфотерицин B,
Анаболические средства,
Анагрелид,
Анакинра,
Анальгин,
Анастрозол,
Ангиовит,
Ангиозил ретард,
Андекса,
Андриол,
Андростендиол,
Андростендион,
Андростенон,
Андростерон,
Анилэридин,
Анрукинзумаб,
Антагонисты кальция,
Антаксон,
Антикатаболики,
Антиконгестанты на основе фенилэфрина,
Антирабический иммуноглобулин,
Антистен,
Антиструмин-Дарница,
Антифунгол,
Апап,
Апап С Плюс,
Апиксабан,
Апо-Метоклоп,
Апоморфин,
Апонил,
Апранакс,
Апремиласт,
Апротинин,
Апрофен,
Апулеин,
Арабинопиранозил-N-метил-N-нитрозомочевина,
Аралии маньчжурской корни,
Аралии настойка,
Ариндап,
Арипипразол,
Арисепт,
Арител,
Арифон,
Армин,
Артезин,
Артемизинин,
Артесунат,
Артикаин,
Артродарин,
Артрозан,
Артрокер,
Артрум,
Асвитол,
Асковит,
Аскорбиновая кислота,
Аспангин,
Аспарагиназа,
Аспаркам,
Аспирин/Парацетамол/Кофеин,
Асталин,
Астахалин,
Астемизол,
Астматол,
Астрозон,
Асунапревир,
Атазанавир,
Атазанавир/Кобицистат,
Атезолизумаб,
Атенобене,
Атенова,
Атенол,
Атенолан,
Атенолол,
Атеносан,
Атеростат,
Атогепант,
Атомакс,
Атомоксетин,
Аторвастатин,
Аторвокс,
Аторис,
Атракурия безилат,
Атровент,
Атровент Н,
Атропин,
Ауранофин,
Ауровертин,
Ауротиопрол,
Афлиберцепт,
Ацеклидин,
Ацеклофенак,
Ацеметацин,
Ацетазоламид,
Ацетиламинонитропропоксибензол,
Ацетилсалициловая кислота,
Ацетилцистеин,
Ацеторфин,
Ацетофен,
Ацидекс,
Ацизол,
Ацикловир,
Ацилакт,
Ацилок-Е,
Аципол,
Аэртал,
Багомет,
Багоприл,
Баготирокс,
Бадяга (лекарственное средство),
Базиликсимаб,
Баклосан,
Баклофен,
Бализ (лекарство),
Бализ-2,
Балоксавир марбоксил,
Бамланивимаб,
Баралгин М,
Барбитал,
Барбитал натрий,
Барицитиниб,
Барнетил,
Бевацизумаб,
Бедаквилин,
Безлотоксумаб,
Бекаплермин,
Беклабувир,
Бекламид,
Беклометазона дипропионат,
Белантамаб мафодотин,
Белимумаб,
Белиностат,
Белладонны листья,
Белогент,
Белодерм,
Бемегрид,
Бемипарин натрия,
Бемитил,
Бенакорт,
Бенактизин,
Бенарин,
Бенатекс,
Бендазол,
Бензалкония хлорид,
Бензатина бензилпенициллин,
Бензатинбензилпенициллин,
Бензидамин,
Бензилбензоат,
Бензилморфин,
Бензилпенициллин,
Бензициллин-1,
Бензнидазол,
Бензобамил,
Бензобарбитал,
Бензогексоний,
Бензокаин,
Бензтропин,
Бензфетамин,
Беноксапрофен,
Бенперидол,
Бенфотиамин,
Бепантен,
Берлиприл,
Беродуал,
Беродуал Н,
Бета-гидрокси-3-метилфентанил,
Бетагенот,
Бетагистин,
Бетазон,
Бетакард,
Бетаксолол,
Беталок,
Беталок ЗОК,
Бетаметазон,
Бетаметазон + гентамицин,
Бетапродин,
Бетаферон,
Бетаципрол,
Бетновейт,
Бетриксабан,
Бетувакс-КоВ-2,
Бефирадол,
Бефунгин,
Би-ксикам,
Бидоп,
Биктегравир,
Бильтрицид,
Биматопрост,
Биобактон,
Биол,
Биотраксон,
Биошпа,
Бипрол,
Бисакодил,
Бисептол,
Бисогамма,
Бисокард,
Бисопролол,
Битиодин,
Бифенилинданон А,
Бифоназол,
Бициллин-1,
Блеомицин,
Блинатумомаб,
Боботик,
Болденон,
Бонджигар,
Бопиндолол,
Боромицин,
Ботокс,
Ботулотоксин (лекарство),
Боцепревир,
Бравегил,
Брентуксимаб ведотин,
Брефельдин A,
Бризолин,
Бриллиантовый зелёный,
Бримонидин,
Бринзоламид,
Бринтелликс,
Бродалумаб,
Бролуцизумаб,
Бромазепам,
Бромгексин,
Бромизовал,
Бромкамфора,
Бромокриптин,
Бромоприд,
Бромурал,
Бромэргон,
Бронхоксол,
Бронхорус,
Бруцин,
Будекорт,
Буденофальк,
Будерин,
Будесонид,
Будипин,
Буметанид,
Бупивакаин,
Бупренорфин,
Бупропион,
Буспирон,
Бусульфан,
Бутадион,
Бутамират,
Бутироксан,
Буторфанол,
Буторфанола тартрат,
Буфексамак,
БЦЖ,
Быструмгель,
Ваборбактам,
Вазилип,
Вазокардин,
Вазопрен,
Вакцина против вируса папилломы человека,
Вакцина против полиомиелита,
Вакцина против холеры,
Вакцина AstraZeneca против COVID-19,
Вакцина Codagenix против COVID-19,
Вакцина CureVac против COVID-19,
Вакцина Inovio Pharmaceuticals против COVID-19,
Вакцина Johnson & Johnson против COVID-19,
Вакцина MMR,
Вакцина Moderna против COVID-19,
Вакцина Novavax против COVID-19,
Вакцина Pfizer/BioNTech против COVID-19,
Вакцина Valneva против COVID-19,
Вакцина Zifivax против COVID-19,
Валацикловир,
Валбеназин,
Валдекоксиб,
Валерианы лекарственной корневища с корнями,
Валидол,
Валокордин,
Валопицитабин,
Валоседан,
Валсартан,
Вальпроевая кислота,
Ванкомицин,
Варденафил,
Варениклин,
Варфарекс,
Варфарин,
Ведолизумаб,
Везикар,
Векурония бромид,
Велбе,
Велорин 100,
Велпатасвир,
Велпатасвир/Софосбувир,
Вемурафениб,
Венетоклакс,
Венлафаксин,
Венское питьё,
Вентокол,
Вентолин,
Верапамил,
Веро-Индапамид,
Веро-Лоперамид,
Веро-Наркап,
Веро-Спиронолактон,
Веро-Ципрофлоксацин,
Веронал,
Верошпилактон,
Верошпирон,
Версатис,
Виагра (лекарственное средство),
Вивитрол,
Видарабин,
Визин,
Визомитин,
Викодин,
Вилдаглиптин,
Вилтоларсен,
Вильпрафен,
Винбластин,
Виндесин,
Винельбин,
Винкамин,
Винкарельбин,
Винкристин,
Винорелбин,
Винпоцетин,
Вискен,
Висмута субнитрат,
Висмута субсалицилат,
Висмута трикалия дицитрат,
Витамин A,
Вобэнзим,
Вокселотор,
Воксилапревир,
Вориконазол,
Вориностат,
Вортиоксетин,
Габагамма,
Габапентин,
Гадодиамид,
Галавит,
Галантамин,
Галоперидол,
Галотан,
Галофугинон,
Гамибазин,
Гамма-аминомасляная кислота (лекарственное средство),
Гаммалон,
ГамТБвак,
ГамЭвак-Комби,
Ганцикловир,
Гапентек,
Гаразон,
Гардасил,
Гармалин,
Гастрацид,
Гастрозол,
Гастрофарм,
Гексаметония бензосульфонат,
Гексилрезорцин,
Гексобарбитал,
Гексоний Б,
Гексопреналин,
Гексэтидин,
Геликаин,
Гелоплазма баланс,
Гелофузин,
Гельминтокс,
Гематоген,
Гемепрост,
Геминейрин,
Гемифлоксацин,
Гемофер,
Гемофер пролонгатум,
Гемтузумаб озогамицин,
Гемфиброзил,
Гемцитабин,
Гентамицин,
Гепабене,
Гепарин,
Гепариновая мазь,
Гертокалм,
Гефитиниб,
Ги-кар,
Гиалуроновая кислота,
Гигротон,
Гидазепам,
Гидразинокарбонилметилбромфенилдигидробенздиазепин,
Гидрастин,
Гидрастинин,
Гидрокодон,
Гидрокортизон,
Гидроксидиона натрия сукцинат,
Гидроксизин,
Гидроксикарбамид,
Гидроксиметилхиноксилиндиоксид,
Гидроксихлорохин,
Гидроксиэтилкрахмал,
Гидроксиэтилрутозид,
Гидроморфон,
Гидрохлоротиазид,
Гидрохлортиазид,
Гикамтин,
Гинекотекс,
Гинепристон,
Гинипрал,
Гиосциамин,
Гиперник,
Гипотиазид,
Гистаглобулин,
Гистак,
Гистодил,
Глатирамера ацетат,
Глауцин,
Глево,
Глекапревир,
Глемаз,
Глибенкламид,
Гликлазид,
Гликодин,
Глимепирид,
Глиминфор,
Глипизид,
Глиформин,
Глицерофосфат кальция,
Глицин,
Глицирризиновая кислота,
Глутоксим,
Глюкобай,
Глюкозамин,
Глюкозаминилмурамилдипептид,
Глюконат железа,
Глюконат кальция,
Глюкофаж,
Глюмедекс,
Глюфосфамид,
Голимумаб,
Голодирсен,
Гоматропин,
Гоматропина гидробромид,
Гонадотропин хорионический (лекарственное средство),
Гопантеновая кислота,
Гразопревир,
Грамицидин,
Грамицидин С,
Гриппол,
Гриппостад Рино,
Грудной эликсир,
Гуанетидин,
Гуселькумаб,
Д-Пантенол,
Дабигатрана этексилат,
Дазатиниб,
Дакарбазин,
Даклатасвир,
Дактиномицин,
Далацин Ц фосфат,
Далбаванцин,
Далерон,
Далерон С,
Далерон С юниор,
Дамелиум,
Даназол,
Дановал,
Данол,
Данопревир,
Дантролен,
Дапсон,
Даптомицин,
Даратумумаб,
Даридорексант,
Дароб,
Дарунавир,
Дасабувир,
Даунорубицин,
Де-Нол,
Дегареликс,
Дедалон,
Дезипрамин,
Дезлоратадин,
Дезоксикортикостерон,
Дезоксикортон,
Дезоксипеганина гидрохлорид,
Декаметилендиметилметоксикарбонилметиламмония дихлорид,
Декарис,
Декортин Н5,
Декортин Н20,
Декортин Н50,
Дексаметазон,
Дексетимид,
Декскетопрофен,
Декспантенол,
Декстрометорфан,
Декстроморамид,
Декстрорфан,
Делавирдин,
Делафлоксацин,
Деносумаб,
Депин-Е,
Депонит 10,
Депренорм,
Депротеинизированный диализат из крови телят,
Десмопрессин,
Деферазирокс,
Джозамицин,
Диаб-норм,
Диаглитазон,
Диазепам,
Диазоксид,
Диазолин,
Диакарб,
Диара,
Диацереин,
Диацетилдигидроморфин,
Диброспидия хлорид,
Дигидрокодеин,
Дигидроморфин,
Дигидротахистерол,
Дигидроэрготамин,
Дигидроэрготоксин,
Дигитоксин,
Дигоксин,
Дидецилдиметиламмония хлорид,
Дидрогестерон,
Диеногест,
Диклофенак,
Диконал,
Диксин,
Дикумарин,
Дилоксанид,
Дилтиазем,
Димеколония йодид,
Димексид,
Дименгидринат,
Дименоксадол,
Димеркапрол,
Диметилглицин,
Диметилсульфоксид (лекарственное средство),
Диметпрамид,
Динексан А,
Динутуксимаб,
Диокор,
Диоксидин,
Диоксометилтетрагидропиримидин,
Диоксоний,
Дионин,
Диосмектит,
Диосмин,
Дип Рилиф,
Дипин,
Дипипанон,
Дипиридамол,
Диплацина дихлорид,
Дипрогент,
Дипроспан,
Диритромицин,
Диспорт,
Дистигмина бромид,
Дисульфирам,
Дисфлатил,
Дифенгидрамин,
Дифенилтропин,
Дифлазон,
Дифлунисал,
Дифлюзол,
Дифлюкан,
Дихиноксид,
Дихлотиазид,
Дицикломин,
Дицинон,
Диэтазин,
Диэтиксим,
Диэтиламинопропионилэтоксикарбониламинофенотиазин,
Длянос,
Добезилат кальция,
Добутамин,
Доксазозин,
Доксапростан,
Доксепин,
Доксиламин,
Доксициклин,
Доксорубицин,
Доктор Мом,
Доктор Тайсс Назолин,
Доктор Тайсс Ринотайсс,
Доласетрон,
Долутегравир,
Долутегравир/Ламивудин,
Долфин,
Домифена бромид,
Домперидон,
Домстал,
Донепезил,
Донормил,
Доравирин,
Дорзоламид,
Дормикум,
Достарлимаб,
Дотаризин,
Доцетаксел,
Доцетера,
Драмина,
Дроверин,
Дроперидол,
Дротаверин,
Дротебанол,
Дувелисиб,
Дулоксетин,
Дульколакс,
Дуоран,
Дупилумаб,
Дурмана лист,
Дэдалон,
Желатиноль,
Железа закисного сульфат,
Железа сульфат,
Железа хлорид,
Задитен,
Зайлутен,
Залеплон,
Заманихи корневища с корнями,
Занамивир,
Занифед,
Зантак,
Зафирлукаст,
Зеленина капли,
Зептол,
Зерлон,
Зероцид,
Зетринал,
Зивокс,
Зидовудин,
Зикронапин,
Зимелидин,
Зинерит,
Зинцет,
Зипрасидон,
Зиртек,
Зитромакс,
Зоватин,
Зовиракс,
Зодак,
Зокор,
Зоксон,
Золдак,
Золедроновая кислота,
Золотая звезда (лекарство),
Золпидем,
Зомепирак,
Зопиклон,
Зоран,
Зорстат,
Зуклопентиксол,
Ибализумаб,
Ибандроновая кислота,
Ибогаин,
Ибрутиниб,
Ибупрофен,
Ивабрадин,
Ивермектин,
Идарубицин,
Идаруцизумаб,
Идебенон,
Иделалисиб,
Идоксуридин,
Изатуксимаб,
Изомонат,
Изониазид,
Изонитрозин,
Изопреналин,
Изосорбида динитрат,
Изосорбида мононитрат,
Изотретиноин,
Изофлуран,
Икатибант,
Иксекизумаб,
Илоперидон,
Иматиниб,
Имеглимин,
Имехин,
Имиглуцераза,
Имигран,
Имидазолилэтанамид пентандиовой кислоты,
Имидил,
Имипенем/Циластатин/Релебактам,
Имипрамин,
Иммард,
Иммунал,
Имодиум,
Имунофан,
Имуран,
Инворил,
Ингалипт,
Ингибиторы протеасомы,
Ингитрил,
Ингрезза,
Индап,
Индапамид,
Индипам,
Индиур,
Индовазин,
Индометацин,
Инозин,
Инозин пранобекс,
Инотузумаб озогамицин,
Интаксел,
Интерферон альфа-2b,
Интерферон бета-1a,
Интратаксим,
Интуссин,
Инфанрикс,
Инфликсимаб,
Инфлюрин,
Иопромид,
Иофлупан (123I),
Иохимбин,
Ипидакрин,
Ипилимумаб,
Иправент,
Ипрадол,
Ипратропия бромид,
Ипратропия бромид + Фенотерол,
Ипрес,
Ипрониазид,
Иринотекан,
Ирифрин,
Ирунин,
Исамолтан,
Истароксим,
Итразол,
Итраконазол,
Ифицеф,
Ифиципро,
Ифосфамид,
Ихтиоловая мазь,
Йенамазол 100,
Йод Витрум,
Йодандин,
Йодантипирин,
Йодбаланс,
Йодид (лекарственное средство),
Йодид калия (лекарственное средство),
Йодинол,
Йодомарин,
Йодостин,
Йодоцианопиндолол,
Каботегравир,
Каботегравир/Рилпивирин,
Кагоцел,
Калипсол,
Калия и магния аспарагинат,
Калпол,
Калчек,
Кальцигард,
Камирен,
Камостат,
Камфоний,
Камфора (лекарственное средство),
Канакинумаб,
Канамицин,
Кандесартан,
Кандибене,
Кандизол,
Канестен,
Канефрон H,
Канизон,
Капецитабин,
Каплацизумаб,
Капреомицин,
Каптоприл,
Комбинации каптоприла и диуретиков,
Карбалепсин,
Карбамазепин,
Карбахол,
Карбидин,
Карбоплатин,
Карведилол,
Кардикс Моно,
Кардилопин,
Кардиовален,
Кардиодарон,
Кардитрим,
Кардура,
Карин-Фер,
Карипразин,
Кармустин,
Карнивак-Ков,
Карниланд,
Карнитен,
Карнифит,
Касимерсен,
Кассадан,
Катадолон,
Катинон,
Катризол,
Кафестол,
Каффетин,
Квалидил,
Кватерон,
Квестран,
Кветиапин,
Квинталгин,
Квинтор,
Кейтен,
Кератолитик,
Кестин,
Кетамин,
Кетанов,
Кетоконазол,
Кетонал,
Кетопрофен,
Кеторолак,
Кетотифен,
Кетоф,
Кефотекс,
Клавулановая кислота,
Клаллергин,
Кларготил,
Кларидол,
Кларисенс,
Кларитин,
Кларитромицин,
Кларифарм,
Кларифер,
Кларотадин,
Кларфаст,
Клафобрин,
Клафоран,
Клафотаксим,
Клемастин,
Клемастина фумарат,
Кленбутерол,
Клиндамицин,
Клиндафер,
Клиндацин,
Клобазам,
Клобетазол,
Клодроновая кислота,
Клозапин,
Кломипрамин,
Кломифен,
Клоназепам,
Клонидин,
Клопидогрел,
Клопиксол,
Клотиапин,
Клотримазол,
Кнавон,
Ко-тримоксазол,
Кобицистат,
Коваксин,
Коверекс,
КовиВак,
Кодеин,
Коделмикст,
Кокарнит,
Кокстрал,
Колестирамин,
Колистин,
Колме,
Колхицин,
Комбинация изониазида и рифампицина,
"Комбинированные лекарственные средства на основе 2,4-дихлорбензилового спирта и амилметакрезола",
Конвалис,
Конвасэл,
Конвидеция,
Конкор,
Конкор Кор,
Консупрен,
Контратекс,
Контрикал,
Конфумин,
Корбис,
Корвадил,
Корвалол,
Корвитол,
Кордарон,
Кордафен,
Кордафлекс,
Корди Кор,
Кординорм,
Кордипин,
Коринфар,
Корневища с корнями валерианы,
Корнерегель,
Коронал,
Кортексин,
Кортизон,
Корфлювек,
Кофеин,
Кофермент Q,
Кофетамин,
Кремния диоксид коллоидный,
Кризанлизумаб,
Кромоглициевая кислота,
Крофелемер,
Ксанакс,
Ксенаквин,
Ксеникал,
Ксизал,
Ксилазина гидрохлорид,
Ксиламидин,
Ксилен,
Ксилобене,
Ксилокаин,
Ксилометазолин,
Ксимелин,
Кутерид,
Кутерид Г,
Лабеталол,
Лавомакс,
Лазикс,
Лазолван,
Лактитол,
Лактулоза,
Ламивудин,
Ламивудин/Зидовудин,
Ламинарид,
Ламоз,
Ламотриджин,
Ланинамивир,
Лансопразол,
Лапатиниб,
Лаппаконитина гидробромид,
Ласмидитан,
Латанопрост,
Латанопростина бунод,
Латрепирдин,
Лауданум,
Левамизол,
Левамлодипин,
Левацетилметадол,
Леветирацетам,
Левитра,
Леводопа,
Левокарнитин,
Левомеколь,
Левомепромазин,
Левометорфан,
Левомир,
Левоноргестрел,
Левотироксин,
Левотироксин натрия,
Левофлоксацин,
Левоцетиризин,
Ледин (спирт),
Ледипасвир,
Лекозотан,
Лем (лекарство),
Лемборексант,
Ленакапавир,
Леналидомид,
Лендацин,
Лепситин,
Лесопитрон,
Летизен,
Лефамулин,
Лефетамин,
Лефлобакт,
Лефлуномид,
Лефокцин,
Либриум,
Лив.52,
Лидокаин,
Лиздексамфетамин,
Лизиноприл,
Ликаин,
Лимонника китайского плоды,
Лимонника китайского семена,
Лимонника китайского семян масло,
Линаклотид,
Линдакса,
Линезолид,
Линекс,
Линкомицин,
Липона,
Липоплатин,
Липримар,
Липтонорм,
Лирика (лекарственное средство),
Литрамин,
Лифаксон,
Лифитеграст,
Лифоран,
Лобелин,
Ловастатин,
Лозартан,
Локсон-400,
Ломефлоксацин,
Ломилан,
Ломустин,
Ломфлокс,
Лонгацеф,
Лонкастуксимаб тезирин,
Лопедиум,
Лоперамид,
Лоперамида гидрохлорид,
Лопинавир,
Лопинавир/Ритонавир,
Лорагексал,
Лоразепам,
Лораксон,
Лоратадин,
Лорвас,
Лорноксикам,
Лосек,
Лотарен,
Лофенал,
Лофокс,
ЛСД,
Луан (лекарственное средство),
Лубипростон,
Лумакафтор/ивакафтор,
Луразидон,
Луцетам,
Раствор Люголя,
М-Кам,
Маалокс,
Маалукол,
Маверекс,
Магния карбонат (лекарственное средство),
Маклево,
Максаквин,
Максипим,
Максицеф,
Мангафодипир,
Манномустин,
Манносульфан,
Мапротилин,
Маравирок,
Маргетуксимаб,
Мареван,
Масло мяты перечной,
Масло шиповника,
Матарен,
Мафосфамид,
Мафусол,
Мебгидролин,
Мебеверин,
Мебендазол,
Мегион (лекарственное средство),
Меглюмина акридонацетат,
Меглюмина натрия сукцинат,
Медазепам,
Медаксон,
Мединал,
Медифокс,
Медицинский антисептический раствор,
Медопред,
Медофлюкон,
Медоциприн,
Медроксипрогестерон,
Мезокарб,
Меклофеноксат,
Мексидант,
Мексидол,
Мексикор,
Мексиприм,
Мексифин,
Меларсопрол,
Мелбек,
Мелликтин,
Мелокс,
Мелоксикам,
Мелофлам,
Мелфалан,
Мемантин,
Менадион,
Меновазин,
Мепакрин,
Мепартрицин,
Меполизумаб,
Мепробамат,
Мептазинол,
Меридиа,
Меркаптопурин,
Меркузал,
Меркурохром,
Меропенем,
Меропенем/Ваборбактам,
Месалазин,
Месипол,
Местеролон,
Месулид,
Метадон,
Метаквалон,
Метамизол натрия,
Метамол,
Метамфетамин,
Метандиенон,
Метандриол,
Метеоспазмил,
Метилдопа,
Метилналтрексона бромид,
Метилпреднизолон,
Метилсалицилат,
Метилтестостерон,
Метилфенидат,
Метилэргометрин,
Метилэстрадиол,
Метиндион,
Метионин,
Метиосульфония хлорид,
Метисергид,
Метитепин,
Метициллин,
Метоклопрамид,
Метоксифлуран,
Метопимазин,
Метопон,
Метопролол,
Метопролола тартрат,
Метоспанин,
Метотрексат,
Метофеназат,
Метралиндол,
Метрелептин,
Метровагин,
Метровит,
Метрогил,
Метрон,
Метронидазол,
Метросептол,
Метфогамма,
Метформин,
Метформина гидрохлорид,
Мефвэй,
Мефенамовая кислота,
Мефенорекс,
Мефлохин,
Миансерин,
Мивакурия хлорид,
Мигренол,
Мидазолам,
Мидекамицин,
Мидокалм,
Мизопростол,
Микафунгин,
Микомакс,
Миконазол,
Миконихол,
Микосист,
Микофенолата мофетил,
Микофлюкан,
Микройодид,
Микролакс,
Микрофлокс,
Микстура Бехтерева,
Милвексан,
Милдронат,
Милнаципран,
Милтефозин,
Мильгамма,
Миноксидил,
Минолексин,
Миноциклин,
МИР-19,
Мирамистин,
Мирклудекс B,
Мирлокс,
Миртазапин,
Миртол,
Митапиват,
Митоксантрон,
Митомицин C,
Митотакс,
Мифепристон,
Мовалис,
Мовасин,
Мовигип,
Мовизар,
Модафинил,
Моклобемид,
Моксетумомаб пасудотокс,
Моксидектин,
Моксифлоксацин,
Моксонидин,
Молдамин,
Молиндон,
Молнупиравир,
Мометазон,
Монизид,
Моно Мак,
Монолонг,
Мононит,
Моносан,
Моночинкве,
Монтелукаст,
Монурал,
Монурол,
Морадол,
Морфин (лекарственное средство),
Мотилак,
Мотилиум,
Моэкс,
Моэксиприл,
Мукалтин,
Мупироцин,
Муравьиный спирт,
Набиксимолс,
Навельбин,
Надифлоксацин,
Надолол,
Найз,
Наком,
Накситамаб,
Налбуфин,
Налгезин,
Налдемедин,
Налидиксовая кислота,
Налмефен,
Налоксегол,
Налоксон,
Налорфин,
Налтрексон,
Нандролона деканоат,
Нандролона фенилпропионат,
Напосим,
Наприос,
Напробене,
Напроксен,
Наркан,
Наркотин,
Нарлапревир,
Настойка конопли,
Натализумаб,
Натрия ауротиомалат,
Натрия дезоксирибонуклеат,
Натрия пикосульфат,
Нафазолин,
Нафтифин,
Наятокс,
Небиволол,
Невиграмон,
Невирапин,
Неграм,
Недаплатин,
Нейромультивит,
Нейронтин,
Неларабин,
Нельфинавир,
Немоцид,
Неоваскулген,
Неомицин,
Неосептин-Р,
Неосмектин,
Неостигмина метилсульфат,
Нетарсудил,
Неурол,
Нефопам,
Нецитумумаб,
Ниаламид,
Ниволумаб,
Низатидин,
Никардия,
Никетамид,
Никлозамид,
Никокодеин,
Никорандил,
Никотинат лития,
Никотиновая кислота,
Никотиноил гамма-аминомасляная кислота,
Никофлекс,
Никс (лекарственное средство),
Нимегесик,
Нимесил,
Нимесулид,
Нимика,
Нимодипин,
Нимулид,
Нимустин,
Нинтеданиб,
Нирматрелвир,
Нирмин,
Нистатин,
Нитразепам,
Нитро ПОЛЬ инфуз,
Нитро-Ник,
Нитроглицерин (лекарственное средство),
Нитрогранулонг,
Нитроджект,
Нитрозомочевина,
Нитрокардин,
Нитрокор,
Нитроксолин,
Нитролингвал-Аэрозоль,
Нитроминт,
Нитронг форте,
Нитроперкутен ТТС,
Нитроспрей,
Нитрофурал,
Нитрофурантоин,
Ниттифор,
Нифедикор,
Нифедипин,
Нифекард,
Нифлумовая кислота,
Нифуроксазид,
Нифуртимокс,
Ницерголин,
Но-шпа,
Но-шпалгин,
Ново-Ранидин,
Новодигал,
Новоингалипт,
Новокаинамид,
НовоФормин,
Нокодазол,
Нолицин,
Номифензин,
Ноноксинол-9,
Ноопепт,
Норбактин,
Норвадин,
Норваск,
Норилет,
Норкодеин,
Норкурон,
Нормакс,
Нормодипин,
Норморфин,
Норфацин,
Норфлоксацин,
Норэтистерон,
Нофунг,
Нош-бра,
Нусинерсен,
Обидоксим,
Обинутузумаб,
Овенкор,
Оглюфанид,
Окацин,
Окрелизумаб,
Оксазепам,
Оксазил,
Оксалиплатин,
Оксандролон,
Оксапрозин,
Оксациллин,
Окселадин,
Оксибутират лития,
Оксибутират натрия,
Оксид цинка,
Оксикодон,
Оксиморфон,
Оксиэтиламмония метилфеноксиацетат,
Окскарбазепин,
Оксолин,
Оксолиновая кислота,
Окспренолол,
Октенидин,
Октопамин,
Октреотид,
Оланзапин,
Олеандомицин,
Оливомицин,
Оликард,
Олинт,
Олицеридин,
Олокизумаб,
Омадациклин,
Омакор,
Омализумаб,
Омбитасвир,
Омез,
Омекапс,
Омелар Кардио,
Омепразол,
Омепрус,
Омефез,
Омизак,
Омипикс,
Омитокс,
Омнискан,
Омнопон,
Онасемноген абепарвовек,
Ондансетрон,
Онкокристин,
Опипрамол,
Оптальгин,
Оргаспорин,
Орипавин,
Оритаванцин,
Оритаксим,
Орлистат,
Ормидол,
Оротовая кислота,
Орсотен,
Ортофен,
Ортофер,
Орувель,
Орунгал,
Орунгамин,
Орунит,
Орципреналин,
Осельтамивир,
Осемозотан,
Осмо-Адалат,
Отинум,
Отривин,
Офатумумаб,
Офлоксацин,
Офрамакс,
Офтаквикс,
Охмефентанил,
Оцид,
Оциллококцинум,
Паклитаксел,
Паклитера,
Паксен,
Палиперидон,
Палмагель,
Палоносетрон,
Палфорзия,
Панавир,
Панадол,
Панадол Экстра,
Панангин,
Панатус,
Панимун Биорал,
Панитумумаб,
Панкреатин,
Панкурония бромид,
Пантенол,
Пантенолспрей,
Пантодерм,
Пантокрин,
Пантопразол,
Пантотеновая кислота,
Пантоцид,
Папаверин,
Папазол,
Пара плюс,
Пара-Аминосалициловая кислота,
Парален экстра,
Парацетамол,
Парацетамол в комбинации с другими препаратами,
Парацетамол Экстра,
Парацетамол ЭКСТРА детский,
Парацетамол-С-Хемофарм,
Парегорик,
Париет,
Паритапревир,
Паркоцет,
Парлазин,
Парлодел,
Пароксетин,
Пассажикс,
Патиромер,
Патисиран,
Пафолацианин,
Пахикарпин,
Пегилированный интерферон альфа-2а,
Пектрол,
Пектусин,
Пелокс-400,
Пембролизумаб,
Пемолин,
Пемпидин,
Пенестер,
Пеницилламин,
Пентагастрин,
Пентазоцин,
Пентакард,
Пентаксим,
Пенталгин Плюс,
Пенталгин-Н,
Пенталгин-Нова,
Пенталгин-ICN,
Пентаэритритила тетранитрат,
Пентилентетразол,
Пентобарбитал,
Пентоксил,
Пентоксифиллин,
Пентотал,
Пенфлуридол,
Пенцикловир,
Пепторан,
Пепфиз,
Перамивир,
Перетиноин,
Периндоприл,
Периндоприла эрбумин,
Перинорм,
Перинпресс,
Перициазин,
Перлинганит,
Перманганат калия,
Перметрин,
Пероспирон,
Перти (лекарственное средство),
Пертузумаб,
Пертузумаб/трастузумаб/гиалуронидаза,
Перфалган,
Перфеназин,
Перфосфамид,
Перфторан,
Пефлоксацин,
Пефлоксацина мезилат,
Пибрентасвир,
Пикоплатин,
Пилокарпин,
Пимавансерин,
Пимекролимус,
Пимозид,
Пинацидил,
Пиндобинд,
Пиндолол,
Пиоглар,
Пиоглит,
Пиоглитазон,
Пиоктаннин,
Пиоуно,
Пипекуроний,
Пипемидовая кислота,
Пипотиазин,
Пипофезин,
Пиразинамид,
Пиралгин,
Пирантел,
Пирацетам,
Пирензепин,
Пиридоксин,
Пиридостигмина бромид,
Пиритинол,
Пиритрамид,
Пирлиндол,
Пироксикам,
Пироксифер,
Питолизант,
ПК-Мерц,
Плазадол,
Плазомицин,
Плаквенил,
Платифиллин,
Плевилокс,
Плевромутилин,
Плеканатид,
Плеом-20,
Плитидепсин,
Плоды шиповника,
Повидон-йод,
Подофиллин,
Подофиллотоксин,
Позаконазол,
Позикор,
Позитан,
Полатузумаб ведотин,
Поливинилпирролидон,
Полижинакс,
Поликозанол,
Полиметилсилоксана полигидрат,
Полиноксилин,
Полиоксидоний,
Помалидомид,
Празиквантел,
Празозин,
Пралидоксим,
Прамирацетам,
Прамлинтид,
Прегабалин,
Прегненолон,
Прегнил,
Преднизол,
Преднизолон,
Преднизолон гемисукцинат,
Предникарбат,
Преднимустин,
Преноксдиазин,
Препараты лития,
Престариум,
Престариум А,
Примапур,
Примидон,
Принорм,
Провенж,
Продектин,
Продин,
Прокаин,
Прокаинамид,
Проканазол,
Прокарбазин,
Проксодолол,
Пролид,
Промазин,
Промез,
Промеран,
Прометазин,
Пронаксен,
Пропанидид,
Пропантелин бромид,
Пропафенон,
Пропилгекседрин,
Пропионилфенилэтоксиэтилпиперидин,
Пропифеназон,
Пропоксифен,
Пропофол,
Пропранол,
Пропранолол,
Пророксан,
Проскар,
Проспидия хлорид,
Простерид,
Протефлазид,
Противорвотные средства,
Протионамид,
Протрадон,
Профенид,
Прохлорперазин,
Проходол,
Проходол форте,
Прукалоприд,
Псевдоэфедрин,
Псило-бальзам,
Пульмикорт,
Пуромицин,
Пуфемид,
Р-ИКС 1,
Рабепразол,
Равел СР,
Радедорм,
Разагилин,
Ракстан,
Рактопамин,
Ралтегравир,
Рамелтеон,
Рамиприл,
Рамуцирумаб,
Раниберл,
Ранибизумаб,
Ранигаст,
Ранимустин,
Ранисан,
Ранисон,
Ранитаб,
Ранитал,
Ранитард,
Ранитидин,
Ранитидина висмута цитрат,
Ранитин,
Рантаг,
Рантарин,
Раствор Висконсинского университета,
Раствор йода,
Раствор Рингера,
Реамберин,
Ребоксетин,
Ревефенацин,
Регданвимаб,
Регорафениб,
Редуксин,
Резерпин,
Релебактам,
Ремаксол,
Ремантадин,
Ремдесивир,
Ремимазолам,
Реминил,
Ремифентанил,
Рениприл,
Ренитек,
Реополиглюкин,
Репаглинид,
Репинотан,
Реслизумаб,
Ретапамулин,
Ретапрес,
Ретарпен,
Ретинол,
Риамиловир,
Рибавирин,
Рибофлавин,
Ривароксабан,
Ривастигмин,
Рилпивирин,
Римантадин,
Римегепант,
Ринонорм,
Ринорус,
Риностоп,
Ринтид,
Рисанкизумаб,
Рисдиплам,
Рисперидон,
Ристомицин,
Ритморест,
Ритонавир,
Ритуксимаб,
Рифабутин,
Рифамицин,
Рифампицин,
Робалзотан,
Роглит,
Розамет,
Розекс,
Розувастатин,
Рокситромицин,
Рокурония бромид,
Ромесек,
Ромиплостим,
Ромосозумаб,
Росиглитазон,
Ротатек,
Рофекоксиб,
Роцефин,
Румалон,
Румикоз,
Рутозид,
Рыбий жир,
Рэнкс,
Саб симплекс,
Сабур,
Саквинавир,
Салиномицин,
Салициламид,
Салицилат натрия,
Сальбен,
Сальбутамол,
Сальварсан,
Сальгим,
Сальметерол,
Санапрокс,
Сандиммун,
Сандиммун Неорал,
Сандонорм,
Сантонин,
Сантопералгин,
Сарециклин,
Сарилумаб,
Сатраплатин,
Сафинамид,
Сацитузумаб говитекан,
Седакорон,
Седал-М,
Седальгин-Нео,
Секнидазол,
Секукинумаб,
Секуринин,
Селанк,
Селегилин,
Семагацестат,
Семаглутид,
Семакс,
Семустин,
Сеннозид,
Сердол,
Сердолект,
Серебра протеинат,
Сериноламид A,
Серная мазь,
Серокриптин,
Сертиндол,
Сертралин,
Сехифенадин,
Сиалис,
Сибутрамин,
Силденафил,
Силмитасертиб,
Силтуксимаб,
СимваГЕКСАЛ,
Симвакард,
Симвакол,
Симвалимит,
Симвастатин,
Симвастол,
Симвор,
Симгал,
Симетикон,
Симикол,
Симплакор,
Симулект,
Синактен депо,
Синаром,
Синдаксел,
Синекод,
Синтрадон,
Сиофор,
Сиролимус,
Систейн,
Ситаглиптин,
Сиэль,
Скополамин,
Смекта,
Смектит диоктаэдрический,
Снуп,
Соланезумаб,
Солиан,
Солифенацин,
Солкосерил,
Солпадеин,
Солриамфетол,
Сопрал,
Сорафениб,
Сорбимон,
Сорбифер Дурулес,
СотаГЕКСАЛ,
Соталекс,
Соталол,
Сотровимаб,
Софазин,
Софосбувир,
Спаздользин,
Спазмол,
Спазмолитин,
Спазмонет,
Спазоверин,
Спаковин,
Спарфло,
Спарфлоксацин,
Сперматекс,
Спиносад,
Спиперон,
Спирамид,
Спирамицин,
Спирозин,
Спироксатрин,
Спутник V,
Ставудин,
Стадол,
Стамло М,
Станозолол,
Стауроспорин,
Стафен,
Стерицеф,
Стеркулии лист,
Стефаглабрина сульфат,
Стрезам,
Стрептозоцин,
Стрептокиназа,
Стрептомицин,
Стрепфен,
Стримол,
Стримол плюс,
Суворексант,
Суглат (ипраглифлозин),
Сукцинилхолин,
Сулиндак,
Сульбутиамин,
Сульпирид,
Сультоприд,
Сульфагуанидин,
Сульфадиазин натрий,
Сульфадиметоксин,
Сульфаниламид,
Сульфапиридин,
Сульфасалазин,
Сульфат магния (лекарственное средство),
Сульфацетамид,
Сульфинпиразон,
Сульфозин,
Сульфонилмочевина,
Сумамигрен,
Сумамик,
Суматриптан,
Суматриптана сукцинат,
Сумиг,
Сунитиниб,
Суперилоп,
Супрастин,
Суприма-коф,
Суприма-НОЗ,
Сурамин,
Сустак форте,
Сустак-мите,
Сустилак,
Сустонит,
Суфентанил,
Таваник,
Тавегил,
Тадалафил,
Тазобактам,
Тайверб,
Тайкерб,
Такролимус,
Такс-о-бид,
Таксакад,
Таксол,
Таксотер,
Талидомид,
Талинолол,
Талцеф,
Тамоксифен,
Тамсулозин,
Танацехол,
Тардиферон,
Тартрат карнитина,
Тарцефоксим,
Таурин,
Таутакс,
Тауфон,
Тафаситамаб,
Тафен назаль,
Тафен Новолайзер,
Тафенохин,
Тафлупрост,
Тахистин,
ТГ-тор,
Тебантин,
Тегафур,
Тегретол,
Тедизолид,
Теиксобактин,
Паста Теймурова,
Тековиримат,
Телапревир,
Телектол,
Телитромицин,
Темазепам,
Темехин,
Темозоломид,
Темсиролимус,
Тенапанор,
Тенатопразол,
Тенектеплаза,
Тензар,
Тенипозид,
Тенокс,
Теноксикам,
Тенормин,
Тенофовир,
Тенофовир алафенамид,
Тенофовир/эмтрицитабин,
Тепротумумаб,
Тералиджен,
Тербуталин,
Тержинан,
Теризидон,
Теркуроний,
Терпингидрат,
Терпинкод,
Терцеф,
Тетрабеназин,
Тетрагидроканнабинол,
Тетракаин,
Тетракозактид,
Тетраметилглюконурил,
Тетраметилпиразин,
Тетрациклин,
Тетризолин,
Тетриндол,
Тиабендазол,
Тиагабин,
Тиазовивин,
Тиамин (лекарственное средство),
Тианептин,
Тиаприд,
Тизанидин,
Тизин,
Тизин ксило,
Тизотумаб-ведотин,
Тиксагевимаб/цилгавимаб,
Тилаксин,
Тилдракизумаб,
Тилидин,
Тилорон,
Тимодепрессин,
Тимолол,
Тинидазол,
Тиогуанин,
Тиомерсал,
Тиопентал натрия,
Тиопроперазин,
Тиоридазин,
Тиосульфат натрия (лекарственное средство),
Тиотиксен,
Тиотриазолин,
Тиотропия бромид,
Типранавир,
Тиротакс,
Тисагенлеклеусел,
Тиэтилперазин,
Тобрамицин,
Толметин,
Толперизон,
Толфенамовая кислота,
Тонокардин,
Топирамат,
Топотекан,
Топрал,
Торвакард,
Тороцеф,
Тофизопам,
Тоцилизумаб,
Травопрост,
Тразодон,
Тралокинумаб,
Трамадол,
Трамаклосидол,
Трамал,
Трамал ретард,
Трамал свечная масса,
Трамолин,
Трамундин ретард,
Транексамовая кислота,
Транилципромин,
Трасколан,
Трастузумаб,
Трастузумаб дерукстекан,
Трастузумаб эмтанзин,
Треосульфан,
Трепирия йодид,
Третиноин,
Триазолам,
Триаксон,
Триамцинолон,
Трибромфенолат висмута,
Трибузон,
Тригексифенидил,
Триклабендазол,
Тримебутин,
Тримедоксима бромид,
Тримеперидин,
Триметадион,
Триметазидин,
Триметозин,
Триметоприм,
Тримигрен,
Тримипрамин,
Тринатриевая соль глицирризиновой кислоты,
Тринитролонг,
Тринтелликс,
Трипериден,
Триплатина тетранитрат,
Трипторелин,
Трифаротен,
Трифлуоперазин,
Трифлуперидол,
Трихлорэтилен,
Трихо-ПИН,
Трихопол,
Трихостатин А,
Тровентол,
Троксерутин,
Тромантадин,
Тропикамид,
Трописетрон,
Трофосфамид,
Тубокурарина хлорид,
Тулип,
Тыквеол,
Уабаин,
Уброгепант,
Уденафил,
Украин,
Укропная вода,
Улкодин,
Улкозол,
Улькуран,
Ульсерекс,
Ультоп,
Умифеновир,
Унитиол,
Урамустин,
Урапидил,
Уролесан,
Урохолум,
Урсодезоксихолевая кислота,
Устекинумаб,
Фабомотизол,
Фавипиравир,
Фактив,
Фамвир,
Фамотидин,
Фамцикловир,
Фарингосепт,
Фарицимаб,
Фармазолин,
Фарматекс,
Фастум,
Фасудил,
Феброфид,
Фезотеродин,
Фексофенадин,
Фелбамат,
Фелдорал СЕДИКО,
Феназепам,
Феназон,
Фенацетин,
Фендиметразин,
Фенелзин,
Фенибут,
Фенигидин,
Фенилбутазон,
Фенилпропаноламин,
Фенистил Пенцивир,
Фенитоин,
Фенкарол,
Фенметразин,
Фенобарбитал,
Феноксиметилпенициллин,
Фенопрофен,
Фенотерол,
Фенофибрат,
Фенспирид,
Фентанил,
Фентермин,
Фентоламин,
Фенфлурамин,
Фепрозиднин,
Ферронал,
Ферроплекс,
Ферроцерон,
Фибринолизин,
Физостигмин,
Филграстим,
Финалгель,
Финаст,
Финастерид,
Финголимод,
Финлепсин,
Финпрос,
Фитин,
Флагил,
Флакозид,
Флексен,
Флексид,
Флефедрон,
Флибансерин,
Флолид,
Флопропион,
Флорацид,
Флорбетабен,
Флостерон,
Флувоксамин,
Флударабин,
Флудрокортизон,
Флузол,
Флукозан,
Флукозид,
Флуконазол,
Флуконорм,
Флукорал,
Флумазенил,
Флунитразепам,
Флунол,
Флуоксетин,
Флупентиксол,
Флупиртин,
Флурбипрофен,
Флуспирилен,
Флутиказон,
Флуфеназин,
Флюанксол,
ФлюЗиОЗ,
Флюкостат,
Флютабс,
Фозиноприл,
Фолиевая кислота (лекарственное средство),
Фолиниевая кислота,
Фондапаринукс,
Фонтурацетам,
Фопурин,
Форметин,
Формин Плива,
Формотерол,
Форсколин,
Форцеф,
Фосампренавир,
Фосдевирин,
Фоскарнет,
Фостаматиниб,
Фостемсавир,
Фосфазид,
Фосфестрол,
Фосфомицин,
Фосфорал,
Фотемустин,
Фрамекс,
Фрамицетин,
Френасма,
"Фруктозо-1,6-бисфосфат",
Фталилсульфатиазол,
Фтивазид,
Фторацизин,
Фторотан,
Фуброгония йодид,
Фузафунгин,
Фузидовая кислота,
Фукорцин,
Фулвестрант,
Фунгинал,
Фунгицип,
Фунголон,
Фунзол,
Фурадонин,
Фуразидин,
Фуразолидон,
Фурацилин,
Фурон,
Фуросемид,
Халиксол,
Халицин,
Хелекс,
Хелицид,
Хелол,
Хизон,
Хинидин,
Хинолитин,
Хифенадин,
Хлоксил,
Хлоракон,
Хлорамбуцил,
Хлорамфеникол,
Хлоргексидин,
Хлордиазепоксид,
Хлорид кальция (лекарственное средство),
Хлорметин,
Хлорнитрофенол,
Хлоропирамин,
Хлоропирамина гидрохлорид,
Хлорохин,
Хлорпромазин,
Хлорпротиксен,
Хлорталидон,
Хлорфенамин,
Хлорхинальдол,
Хлорэтан,
Хлорэтиламинофенацетилпарааминобензойная кислота,
Холекальциферол,
Холина салицилат,
Хондроитинсульфаты,
Хондролон,
Хондропротекторы,
Хорагон,
Хофитол,
Целедерм,
Целедерм с гентамицином,
Целекоксиб,
Целестодерм-В,
Целестодерм-В с гарамицином,
Целестон,
Ценегермин,
Цепрова,
Церварикс,
Цердулатиниб,
Церебролизин,
Церекард,
Цертолизумаб пегол,
Церуглан,
Церукал,
Цетиризин,
Цетиринакс,
Цетрин,
Цетуксимаб,
Цефабол,
Цефазолин,
Цефаксон,
Цефалексин,
Цефамицин,
Цефантрал,
Цефатрин,
Цефекон Д,
Цефепим,
Цефидерокол,
Цефограм,
Цефокситин,
Цефосин,
Цефотаксим,
Цефпирамид,
Цефпиром,
Цефсон,
Цефтазидим,
Цефтазидим/Авибактам,
Цефтаролин,
Цефтобипрол,
Цефтолозан,
Цефтриабол,
Цефтриаксон,
Цефуроксим,
Цианамид,
Цианопиндолол,
Цибутол,
Цизаприд,
Циклазодон,
Циклесонид,
Циклобарбитал,
Циклокапс,
Циклопентолат,
Циклопирокс,
Циклоплатам,
Циклопрен,
Циклорал-ФС,
Циклосерин,
Циклосиликат циркония-натрия,
Циклоспорин,
Циклофосфамид,
Цикортид Циклокапс,
Цилоксан,
Цимевен,
Циметидин,
Циннаризин,
Циплокс,
Ципраз,
Ципрекс,
Ципринол,
Ципробай,
Ципробид,
Ципродокс,
Ципролет,
Ципролон,
Ципромед,
Ципронат,
Ципросан,
Ципросин,
Ципротерона ацетат,
Ципрофлоксабол,
Ципрофлоксацин,
Ципрофлоксацина гидрохлорид,
Цисатракурия безилат,
Цискан,
Цисплатин,
Цистамин,
Циталопрам,
Цитарабин,
Цитиколин,
Цитомид,
Цитофлавин,
Цитравит,
Цитрат магния,
Цифран,
Эбастин,
Эбермин,
Эбселен,
Эваменол,
Эверолимус,
Эвинакумаб,
Эволокумаб,
Эгилок,
Эднит,
Эзетимиб,
Эзомепразол,
Экдистен,
Экорал,
Экофемин,
Экселон,
Эксенатид,
Экстенциллин,
Экстракт простаты,
Экулизумаб,
Элбасвир,
Элвитегравир,
Элефлокс,
Элиглустат,
Элосульфаза альфа,
Элотузумаб,
Эльбона,
Элькар,
Эмерициллипсин А,
Эмзок,
Эмтрицитабин,
Эналаприл,
Комбинации эналаприла и диуретиков,
Эналаприла малеат,
Энам,
Энап,
Энаренал,
Энафарм,
Энвас,
Энвиприл,
Энерион,
Энзастаурин,
Энисамиума йодид,
Эноксапарин натрия,
Энтерофурил,
Энтобан,
Энфлуран,
Энфортумаб ведотин,
Энфувиртид,
ЭпиВакКорона,
ЭпиВакЭбола,
Эпиген интим,
Эпирубицин,
Эплиронтин,
Эпробемид,
Эптапирон,
Эравациклин,
Эрадикация Helicobacter pylori,
Эрбисол,
Эрдостеин,
Эреспал,
Эринит,
Эритромицин,
Эриус,
Эролин,
Эрсефурил,
Эскетамин,
Эспумизан,
Эстекор,
Эстрадиол/дидрогестерон,
Эстрадиола валерат,
Эстрадиола валерат/медроксипрогестерона ацетат,
Эстрадиола полугидрат,
Эстрадиола ципионат,
Эстрамустин,
Эстриола сукцинат,
Эсциталопрам,
Этакриновая кислота,
Этамбутол,
Этамзилат,
Этанерцепт,
Этафедрин,
Этеплирсен,
Этил лофлазепат,
Этилбромизовалерианат,
Этилметилгидроксипиридина сукцинат,
Этилморфин,
Этилтиобензимидазол,
Этинилэстрадиол,
Этинилэстрадиол/дроспиренон,
Этионамид,
Этифоксин,
Этихлорвинол,
Этициклидин,
Этодолак,
Этомидат,
Этопозид,
Эторикоксиб,
Этосуксимид,
Этотоин,
Этпенал,
Эутирокс,
Эуфиллин,
Эфавиренз,
Эфипим,
Эфлейра,
Эфлоран,
Эфокс,
Эфтиметацин,
Эффералган,
Эффералган с витамином C,
Эхинокандины,
Юкодал,
Юникпеф,
Юниспаз,
Ютаксан,
Ютибид,
Якорцев стелющихся травы экстракт,
Abdala,
Air polymer-type A,
ALD-52,
Axicabtagene ciloleucel,
BAM15 (протонофор),
BBIBP-CorV,
Bepotastine,
BIA 10-2474,
"BMY-7,378",
Bromo-DragonFLY,
CASIN,
Corizidox B-4,
CoronaVac,
COVIran Barakat,
D-Пантенол,
"F-15,599",
Florbetapir (18F),
Flortaucipir (18F),
Fluciclovine (18F),
Fluorodopa (18F),
Fluoroestradiol F-18,
Flutemetamol (18F),
Gallium Ga 68 dotatate,
GTS-21,
GW501516,
H-1152,
IBNtxA,
IDRA-21,
Iobenguane (131I),
ISRIB,
JWH-018,
JWH-019,
JWH-200,
JWH-203,
JWH-210,
JWH-250,
JWH-307,
Lisocabtagene maraleucel,
Lutetium Lu 177 dotatate,
"LY-293,284",
MDMA,
MPPF,
N-Метилтриптамин,
N-Нитрозо-N-метилмочевина,
NAN-190,
NAPQI,
NSI-189,
O-дезметилтрамадол,
P7C3,
PA-824,
PRL-8-53,
QazVac,
RG7834,
"RTS,S",
S-217622,
"SB-649,915",
SCB-2019,
Участник:Schekinov Alexey Victorovich/Компливит,
SQ109,
Sugammadex,
"U-92,016-A",
UH-301,
"WAY-100,135",
"WAY-100,635",
WIBP-CorV